"Header 1","Header 2","Header 3","Header 4","Header 5"
"Row:1 Cell:1","Row:1 Cell:2","Row:1 Cell:3","Row:1 Cell:4","Row:1 Cell:5"
"Row:10 Cell:1","Row:10 Cell:2","Row:10 Cell:3","Row:10 Cell:4","Row:10 Cell:5"
"Row:11 Cell:1","Row:11 Cell:2","Row:11 Cell:3","Row:11 Cell:4","Row:11 Cell:5"
"Row:12 Cell:1","Row:12 Cell:2","Row:12 Cell:3","Row:12 Cell:4","Row:12 Cell:5"
"Row:13 Cell:1","Row:13 Cell:2","Row:13 Cell:3","Row:13 Cell:4","Row:13 Cell:5"
"Row:14 Cell:1","Row:14 Cell:2","Row:14 Cell:3","Row:14 Cell:4","Row:14 Cell:5"
"Row:2 Cell:1","Row:2 Cell:2","Row:2 Cell:3","Row:2 Cell:4","Row:2 Cell:5"
"Row:3 Cell:1","Row:3 Cell:2","Row:3 Cell:3","Row:3 Cell:4","Row:3 Cell:5"
"Row:4 Cell:1","Row:4 Cell:2","Row:4 Cell:3","Row:4 Cell:4","Row:4 Cell:5"
"Row:5 Cell:1","Row:5 Cell:2","Row:5 Cell:3","Row:5 Cell:4","Row:5 Cell:5"
"Row:6 Cell:1","Row:6 Cell:2","Row:6 Cell:3","Row:6 Cell:4","Row:6 Cell:5"
"Row:7 Cell:1","Row:7 Cell:2","Row:7 Cell:3","Row:7 Cell:4","Row:7 Cell:5"
"Row:8 Cell:1","Row:8 Cell:2","Row:8 Cell:3","Row:8 Cell:4","Row:8 Cell:5"
"Row:9 Cell:1","Row:9 Cell:2","Row:9 Cell:3","Row:9 Cell:4","Row:9 Cell:5"